run_key,gold_position,question_count,accuracy
phase1/pythia-2.8b,0,200,0.34
phase1/pythia-2.8b,4,200,0.225
phase1/pythia-2.8b-kv,0,50,0.94
phase1/pythia-2.8b-kv,1,50,0.34
phase1/pythia-2.8b-kv,2,50,0.2
phase1/pythia-2.8b-kv,3,50,0.08
phase1/pythia-2.8b-kv,4,50,0.18
phase1/pythia-2.8b-kv,5,50,0.16
phase1/pythia-2.8b-kv,6,50,0.08
phase1/pythia-2.8b-kv,7,50,0.2
phase1/pythia-2.8b-kv,8,50,0.42
phase1/pythia-2.8b-kv,9,50,0.16
phase2/mamba-2.8b,0,800,0.19875
phase2/mamba-2.8b,1,800,0.185
phase2/mamba-2.8b,2,800,0.185
phase2/mamba-2.8b,3,800,0.18875
phase2/mamba-2.8b,4,800,0.18875
phase2/mamba-2.8b,5,800,0.1975
phase2/mamba-2.8b,6,800,0.19375
phase2/mamba-2.8b,7,800,0.20375
phase2/mamba-2.8b,8,800,0.22375
phase2/mamba-2.8b,9,800,0.31625
phase2/mamba-2.8b-kv,0,50,0.0
phase2/mamba-2.8b-kv,1,50,0.0
phase2/mamba-2.8b-kv,2,50,0.0
phase2/mamba-2.8b-kv,3,50,0.0
phase2/mamba-2.8b-kv,4,50,0.0
phase2/mamba-2.8b-kv,5,50,0.0
phase2/mamba-2.8b-kv,6,50,0.0
phase2/mamba-2.8b-kv,7,50,0.0
phase2/mamba-2.8b-kv,8,50,0.0
phase2/mamba-2.8b-kv,9,50,0.0
phase2/mamba2-2.7b,0,800,0.18125
phase2/mamba2-2.7b,1,800,0.175
phase2/mamba2-2.7b,2,800,0.17375
phase2/mamba2-2.7b,3,800,0.1725
phase2/mamba2-2.7b,4,800,0.18375
phase2/mamba2-2.7b,5,800,0.20875
phase2/mamba2-2.7b,6,800,0.19875
phase2/mamba2-2.7b,7,800,0.2125
phase2/mamba2-2.7b,8,800,0.24375
phase2/mamba2-2.7b,9,800,0.35875
phase2/mamba2-2.7b-kv,0,50,0.78
phase2/mamba2-2.7b-kv,1,50,0.04
phase2/mamba2-2.7b-kv,2,50,0.06
phase2/mamba2-2.7b-kv,3,50,0.0
phase2/mamba2-2.7b-kv,4,50,0.0
phase2/mamba2-2.7b-kv,5,50,0.0
phase2/mamba2-2.7b-kv,6,50,0.0
phase2/mamba2-2.7b-kv,7,50,0.0
phase2/mamba2-2.7b-kv,8,50,0.04
phase2/mamba2-2.7b-kv,9,50,0.52
phase2/pythia-2.8b,0,800,0.26625
phase2/pythia-2.8b,1,800,0.1975
phase2/pythia-2.8b,2,800,0.19625
phase2/pythia-2.8b,3,800,0.19
phase2/pythia-2.8b,4,800,0.18
phase2/pythia-2.8b,5,800,0.18
phase2/pythia-2.8b,6,800,0.20375
phase2/pythia-2.8b,7,800,0.2175
phase2/pythia-2.8b,8,800,0.23125
phase2/pythia-2.8b,9,800,0.27875
phase2/pythia-2.8b-kv,0,50,0.94
phase2/pythia-2.8b-kv,1,50,0.34
phase2/pythia-2.8b-kv,2,50,0.2
phase2/pythia-2.8b-kv,3,50,0.08
phase2/pythia-2.8b-kv,4,50,0.18
phase2/pythia-2.8b-kv,5,50,0.16
phase2/pythia-2.8b-kv,6,50,0.08
phase2/pythia-2.8b-kv,7,50,0.2
phase2/pythia-2.8b-kv,8,50,0.42
phase2/pythia-2.8b-kv,9,50,0.16
phase3/mamba2-8b,0,800,0.30875
phase3/mamba2-8b,1,800,0.27375
phase3/mamba2-8b,2,800,0.28
phase3/mamba2-8b,3,800,0.27875
phase3/mamba2-8b,4,800,0.28
phase3/mamba2-8b,5,800,0.28625
phase3/mamba2-8b,6,800,0.2875
phase3/mamba2-8b,7,800,0.29875
phase3/mamba2-8b,8,800,0.32625
phase3/mamba2-8b,9,800,0.395
phase3/mamba2-8b-kv,0,50,0.06
phase3/mamba2-8b-kv,1,50,0.0
phase3/mamba2-8b-kv,2,50,0.0
phase3/mamba2-8b-kv,3,50,0.0
phase3/mamba2-8b-kv,4,50,0.0
phase3/mamba2-8b-kv,5,50,0.0
phase3/mamba2-8b-kv,6,50,0.0
phase3/mamba2-8b-kv,7,50,0.0
phase3/mamba2-8b-kv,8,50,0.0
phase3/mamba2-8b-kv,9,50,0.04
phase3/mamba2-hybrid-8b,0,800,0.42625
phase3/mamba2-hybrid-8b,1,800,0.36375
phase3/mamba2-hybrid-8b,2,800,0.37125
phase3/mamba2-hybrid-8b,3,800,0.36625
phase3/mamba2-hybrid-8b,4,800,0.3725
phase3/mamba2-hybrid-8b,5,800,0.36375
phase3/mamba2-hybrid-8b,6,800,0.36625
phase3/mamba2-hybrid-8b,7,800,0.38625
phase3/mamba2-hybrid-8b,8,800,0.3875
phase3/mamba2-hybrid-8b,9,800,0.4475
phase3/mamba2-hybrid-8b-kv,0,50,0.1
phase3/mamba2-hybrid-8b-kv,1,50,0.1
phase3/mamba2-hybrid-8b-kv,2,50,0.1
phase3/mamba2-hybrid-8b-kv,3,50,0.1
phase3/mamba2-hybrid-8b-kv,4,50,0.1
phase3/mamba2-hybrid-8b-kv,5,50,0.1
phase3/mamba2-hybrid-8b-kv,6,50,0.1
phase3/mamba2-hybrid-8b-kv,7,50,0.1
phase3/mamba2-hybrid-8b-kv,8,50,0.1
phase3/mamba2-hybrid-8b-kv,9,50,0.1
phase4/mamba-1.4b,0,800,0.13125
phase4/mamba-1.4b,1,800,0.11875
phase4/mamba-1.4b,2,800,0.11625
phase4/mamba-1.4b,3,800,0.13
phase4/mamba-1.4b,4,800,0.14125
phase4/mamba-1.4b,5,800,0.14125
phase4/mamba-1.4b,6,800,0.1375
phase4/mamba-1.4b,7,800,0.1575
phase4/mamba-1.4b,8,800,0.1875
phase4/mamba-1.4b,9,800,0.27625
phase4/mamba-1.4b-kv,0,50,0.06
phase4/mamba-1.4b-kv,1,50,0.0
phase4/mamba-1.4b-kv,2,50,0.0
phase4/mamba-1.4b-kv,3,50,0.0
phase4/mamba-1.4b-kv,4,50,0.0
phase4/mamba-1.4b-kv,5,50,0.0
phase4/mamba-1.4b-kv,6,50,0.0
phase4/mamba-1.4b-kv,7,50,0.0
phase4/mamba-1.4b-kv,8,50,0.0
phase4/mamba-1.4b-kv,9,50,0.0
phase4/mamba-130m,0,800,0.04625
phase4/mamba-130m,1,800,0.0375
phase4/mamba-130m,2,800,0.04125
phase4/mamba-130m,3,800,0.045
phase4/mamba-130m,4,800,0.04
phase4/mamba-130m,5,800,0.04375
phase4/mamba-130m,6,800,0.04875
phase4/mamba-130m,7,800,0.045
phase4/mamba-130m,8,800,0.06125
phase4/mamba-130m,9,800,0.1025
phase4/mamba-130m-kv,0,50,0.0
phase4/mamba-130m-kv,1,50,0.0
phase4/mamba-130m-kv,2,50,0.0
phase4/mamba-130m-kv,3,50,0.0
phase4/mamba-130m-kv,4,50,0.0
phase4/mamba-130m-kv,5,50,0.0
phase4/mamba-130m-kv,6,50,0.0
phase4/mamba-130m-kv,7,50,0.0
phase4/mamba-130m-kv,8,50,0.0
phase4/mamba-130m-kv,9,50,0.0
phase4/mamba-2.8b,0,800,0.19875
phase4/mamba-2.8b,1,800,0.185
phase4/mamba-2.8b,2,800,0.185
phase4/mamba-2.8b,3,800,0.18875
phase4/mamba-2.8b,4,800,0.18875
phase4/mamba-2.8b,5,800,0.1975
phase4/mamba-2.8b,6,800,0.19375
phase4/mamba-2.8b,7,800,0.20375
phase4/mamba-2.8b,8,800,0.22375
phase4/mamba-2.8b,9,800,0.31625
phase4/mamba-2.8b-kv,0,50,0.0
phase4/mamba-2.8b-kv,1,50,0.0
phase4/mamba-2.8b-kv,2,50,0.0
phase4/mamba-2.8b-kv,3,50,0.0
phase4/mamba-2.8b-kv,4,50,0.0
phase4/mamba-2.8b-kv,5,50,0.0
phase4/mamba-2.8b-kv,6,50,0.0
phase4/mamba-2.8b-kv,7,50,0.0
phase4/mamba-2.8b-kv,8,50,0.0
phase4/mamba-2.8b-kv,9,50,0.0
phase4/mamba-370m,0,800,0.06375
phase4/mamba-370m,1,800,0.07125
phase4/mamba-370m,2,800,0.05875
phase4/mamba-370m,3,800,0.05875
phase4/mamba-370m,4,800,0.055
phase4/mamba-370m,5,800,0.06
phase4/mamba-370m,6,800,0.0725
phase4/mamba-370m,7,800,0.075
phase4/mamba-370m,8,800,0.09
phase4/mamba-370m,9,800,0.18125
phase4/mamba-370m-kv,0,50,0.0
phase4/mamba-370m-kv,1,50,0.0
phase4/mamba-370m-kv,2,50,0.0
phase4/mamba-370m-kv,3,50,0.0
phase4/mamba-370m-kv,4,50,0.0
phase4/mamba-370m-kv,5,50,0.0
phase4/mamba-370m-kv,6,50,0.0
phase4/mamba-370m-kv,7,50,0.0
phase4/mamba-370m-kv,8,50,0.0
phase4/mamba-370m-kv,9,50,0.0
phase4/mamba-790m,0,800,0.1075
phase4/mamba-790m,1,800,0.10875
phase4/mamba-790m,2,800,0.12125
phase4/mamba-790m,3,800,0.12125
phase4/mamba-790m,4,800,0.1175
phase4/mamba-790m,5,800,0.11875
phase4/mamba-790m,6,800,0.13875
phase4/mamba-790m,7,800,0.13875
phase4/mamba-790m,8,800,0.1475
phase4/mamba-790m,9,800,0.2125
phase4/mamba-790m-kv,0,50,0.02
phase4/mamba-790m-kv,1,50,0.0
phase4/mamba-790m-kv,2,50,0.0
phase4/mamba-790m-kv,3,50,0.0
phase4/mamba-790m-kv,4,50,0.0
phase4/mamba-790m-kv,5,50,0.0
phase4/mamba-790m-kv,6,50,0.0
phase4/mamba-790m-kv,7,50,0.0
phase4/mamba-790m-kv,8,50,0.0
phase4/mamba-790m-kv,9,50,0.0
phase4/pythia-1.4b,0,800,0.235
phase4/pythia-1.4b,1,800,0.19625
phase4/pythia-1.4b,2,800,0.1875
phase4/pythia-1.4b,3,800,0.17625
phase4/pythia-1.4b,4,800,0.1675
phase4/pythia-1.4b,5,800,0.1575
phase4/pythia-1.4b,6,800,0.15
phase4/pythia-1.4b,7,800,0.16625
phase4/pythia-1.4b,8,800,0.1875
phase4/pythia-1.4b,9,800,0.27375
phase4/pythia-1.4b-kv,0,50,1.0
phase4/pythia-1.4b-kv,1,50,0.4
phase4/pythia-1.4b-kv,2,50,0.14
phase4/pythia-1.4b-kv,3,50,0.12
phase4/pythia-1.4b-kv,4,50,0.04
phase4/pythia-1.4b-kv,5,50,0.08
phase4/pythia-1.4b-kv,6,50,0.08
phase4/pythia-1.4b-kv,7,50,0.26
phase4/pythia-1.4b-kv,8,50,0.24
phase4/pythia-1.4b-kv,9,50,0.16
phase4/pythia-160m,0,800,0.0075
phase4/pythia-160m,1,800,0.00625
phase4/pythia-160m,2,800,0.00625
phase4/pythia-160m,3,800,0.00375
phase4/pythia-160m,4,800,0.0075
phase4/pythia-160m,5,800,0.0075
phase4/pythia-160m,6,800,0.0025
phase4/pythia-160m,7,800,0.0025
phase4/pythia-160m,8,800,0.005
phase4/pythia-160m,9,800,0.00625
phase4/pythia-160m-kv,0,50,0.0
phase4/pythia-160m-kv,1,50,0.0
phase4/pythia-160m-kv,2,50,0.0
phase4/pythia-160m-kv,3,50,0.0
phase4/pythia-160m-kv,4,50,0.0
phase4/pythia-160m-kv,5,50,0.0
phase4/pythia-160m-kv,6,50,0.0
phase4/pythia-160m-kv,7,50,0.0
phase4/pythia-160m-kv,8,50,0.0
phase4/pythia-160m-kv,9,50,0.0
phase4/pythia-1b,0,800,0.2
phase4/pythia-1b,1,800,0.15125
phase4/pythia-1b,2,800,0.13
phase4/pythia-1b,3,800,0.13375
phase4/pythia-1b,4,800,0.125
phase4/pythia-1b,5,800,0.1225
phase4/pythia-1b,6,800,0.125
phase4/pythia-1b,7,800,0.12625
phase4/pythia-1b,8,800,0.15375
phase4/pythia-1b,9,800,0.235
phase4/pythia-1b-kv,0,50,0.98
phase4/pythia-1b-kv,1,50,0.52
phase4/pythia-1b-kv,2,50,0.24
phase4/pythia-1b-kv,3,50,0.26
phase4/pythia-1b-kv,4,50,0.22
phase4/pythia-1b-kv,5,50,0.22
phase4/pythia-1b-kv,6,50,0.28
phase4/pythia-1b-kv,7,50,0.28
phase4/pythia-1b-kv,8,50,0.34
phase4/pythia-1b-kv,9,50,0.76
phase4/pythia-2.8b,0,800,0.26625
phase4/pythia-2.8b,1,800,0.1975
phase4/pythia-2.8b,2,800,0.19625
phase4/pythia-2.8b,3,800,0.19
phase4/pythia-2.8b,4,800,0.18
phase4/pythia-2.8b,5,800,0.18
phase4/pythia-2.8b,6,800,0.20375
phase4/pythia-2.8b,7,800,0.2175
phase4/pythia-2.8b,8,800,0.23125
phase4/pythia-2.8b,9,800,0.27875
phase4/pythia-2.8b-kv,0,50,0.94
phase4/pythia-2.8b-kv,1,50,0.34
phase4/pythia-2.8b-kv,2,50,0.2
phase4/pythia-2.8b-kv,3,50,0.08
phase4/pythia-2.8b-kv,4,50,0.18
phase4/pythia-2.8b-kv,5,50,0.16
phase4/pythia-2.8b-kv,6,50,0.08
phase4/pythia-2.8b-kv,7,50,0.2
phase4/pythia-2.8b-kv,8,50,0.42
phase4/pythia-2.8b-kv,9,50,0.16
phase4/pythia-410m,0,800,0.1175
phase4/pythia-410m,1,800,0.09875
phase4/pythia-410m,2,800,0.0925
phase4/pythia-410m,3,800,0.09875
phase4/pythia-410m,4,800,0.095
phase4/pythia-410m,5,800,0.09625
phase4/pythia-410m,6,800,0.095
phase4/pythia-410m,7,800,0.1075
phase4/pythia-410m,8,800,0.10125
phase4/pythia-410m,9,800,0.155
phase4/pythia-410m-kv,0,50,0.32
phase4/pythia-410m-kv,1,50,0.06
phase4/pythia-410m-kv,2,50,0.02
phase4/pythia-410m-kv,3,50,0.04
phase4/pythia-410m-kv,4,50,0.02
phase4/pythia-410m-kv,5,50,0.08
phase4/pythia-410m-kv,6,50,0.04
phase4/pythia-410m-kv,7,50,0.02
phase4/pythia-410m-kv,8,50,0.02
phase4/pythia-410m-kv,9,50,0.0
phase5/mamba-2.8b,0,800,0.1925
phase5/mamba-2.8b,1,800,0.19
phase5/mamba-2.8b,2,800,0.18125
phase5/mamba-2.8b,3,800,0.19125
phase5/mamba-2.8b,4,800,0.19125
phase5/mamba-2.8b,5,800,0.1975
phase5/mamba-2.8b,6,800,0.19
phase5/mamba-2.8b,7,800,0.2075
phase5/mamba-2.8b,8,800,0.22375
phase5/mamba-2.8b,9,800,0.31375
phase5/mamba-2.8b-kv,0,50,0.0
phase5/mamba-2.8b-kv,1,50,0.0
phase5/mamba-2.8b-kv,2,50,0.0
phase5/mamba-2.8b-kv,3,50,0.0
phase5/mamba-2.8b-kv,4,50,0.0
phase5/mamba-2.8b-kv,5,50,0.0
phase5/mamba-2.8b-kv,6,50,0.0
phase5/mamba-2.8b-kv,7,50,0.0
phase5/mamba-2.8b-kv,8,50,0.0
phase5/mamba-2.8b-kv,9,50,0.0
phase5/mamba-2.8b-slimpj,0,800,0.24875
phase5/mamba-2.8b-slimpj,1,800,0.2325
phase5/mamba-2.8b-slimpj,2,800,0.2325
phase5/mamba-2.8b-slimpj,3,800,0.23125
phase5/mamba-2.8b-slimpj,4,800,0.22875
phase5/mamba-2.8b-slimpj,5,800,0.245
phase5/mamba-2.8b-slimpj,6,800,0.25
phase5/mamba-2.8b-slimpj,7,800,0.2675
phase5/mamba-2.8b-slimpj,8,800,0.27625
phase5/mamba-2.8b-slimpj,9,800,0.37875
phase5/mamba-2.8b-slimpj-kv,0,50,0.06
phase5/mamba-2.8b-slimpj-kv,1,50,0.0
phase5/mamba-2.8b-slimpj-kv,2,50,0.0
phase5/mamba-2.8b-slimpj-kv,3,50,0.0
phase5/mamba-2.8b-slimpj-kv,4,50,0.0
phase5/mamba-2.8b-slimpj-kv,5,50,0.0
phase5/mamba-2.8b-slimpj-kv,6,50,0.0
phase5/mamba-2.8b-slimpj-kv,7,50,0.0
phase5/mamba-2.8b-slimpj-kv,8,50,0.0
phase5/mamba-2.8b-slimpj-kv,9,50,0.0
phase7/mamba-2.8b-bookend,0,200,0.26
phase7/mamba-2.8b-bookend,1,200,0.175
phase7/mamba-2.8b-bookend,2,200,0.175
phase7/mamba-2.8b-bookend,3,200,0.155
phase7/mamba-2.8b-bookend,4,200,0.12
phase7/mamba-2.8b-bookend,5,200,0.11
phase7/mamba-2.8b-bookend,6,200,0.13
phase7/mamba-2.8b-bookend,7,200,0.125
phase7/mamba-2.8b-bookend,8,200,0.18
phase7/mamba-2.8b-bookend,9,200,0.24
phase7/mamba-2.8b-gold_padded,0,200,0.225
phase7/mamba-2.8b-gold_padded,1,200,0.23
phase7/mamba-2.8b-gold_padded,2,200,0.195
phase7/mamba-2.8b-gold_padded,3,200,0.225
phase7/mamba-2.8b-gold_padded,4,200,0.195
phase7/mamba-2.8b-gold_padded,5,200,0.205
phase7/mamba-2.8b-gold_padded,6,200,0.24
phase7/mamba-2.8b-gold_padded,7,200,0.235
phase7/mamba-2.8b-gold_padded,8,200,0.225
phase7/mamba-2.8b-gold_padded,9,200,0.315
phase7/mamba-2.8b-question_first,0,200,0.135
phase7/mamba-2.8b-question_first,1,200,0.095
phase7/mamba-2.8b-question_first,2,200,0.1
phase7/mamba-2.8b-question_first,3,200,0.09
phase7/mamba-2.8b-question_first,4,200,0.11
phase7/mamba-2.8b-question_first,5,200,0.08
phase7/mamba-2.8b-question_first,6,200,0.105
phase7/mamba-2.8b-question_first,7,200,0.095
phase7/mamba-2.8b-question_first,8,200,0.105
phase7/mamba-2.8b-question_first,9,200,0.105
phase7/mamba-2.8b-tmpl-concise,0,200,0.22
phase7/mamba-2.8b-tmpl-concise,1,200,0.21
phase7/mamba-2.8b-tmpl-concise,2,200,0.215
phase7/mamba-2.8b-tmpl-concise,3,200,0.22
phase7/mamba-2.8b-tmpl-concise,4,200,0.225
phase7/mamba-2.8b-tmpl-concise,5,200,0.21
phase7/mamba-2.8b-tmpl-concise,6,200,0.23
phase7/mamba-2.8b-tmpl-concise,7,200,0.255
phase7/mamba-2.8b-tmpl-concise,8,200,0.245
phase7/mamba-2.8b-tmpl-concise,9,200,0.31
phase7/mamba-2.8b-tmpl-instructional,0,200,0.215
phase7/mamba-2.8b-tmpl-instructional,1,200,0.195
phase7/mamba-2.8b-tmpl-instructional,2,200,0.2
phase7/mamba-2.8b-tmpl-instructional,3,200,0.205
phase7/mamba-2.8b-tmpl-instructional,4,200,0.21
phase7/mamba-2.8b-tmpl-instructional,5,200,0.22
phase7/mamba-2.8b-tmpl-instructional,6,200,0.215
phase7/mamba-2.8b-tmpl-instructional,7,200,0.235
phase7/mamba-2.8b-tmpl-instructional,8,200,0.23
phase7/mamba-2.8b-tmpl-instructional,9,200,0.31
phase7/nemotron-h-8b-sink-blocked,0,200,0.545
phase7/nemotron-h-8b-sink-blocked,1,200,0.43
phase7/nemotron-h-8b-sink-blocked,2,200,0.445
phase7/nemotron-h-8b-sink-blocked,3,200,0.425
phase7/nemotron-h-8b-sink-blocked,4,200,0.415
phase7/nemotron-h-8b-sink-blocked,5,200,0.445
phase7/nemotron-h-8b-sink-blocked,6,200,0.395
phase7/nemotron-h-8b-sink-blocked,7,200,0.385
phase7/nemotron-h-8b-sink-blocked,8,200,0.405
phase7/nemotron-h-8b-sink-blocked,9,200,0.45
phase7/pythia-2.8b-bookend,0,200,0.385
phase7/pythia-2.8b-bookend,1,200,0.145
phase7/pythia-2.8b-bookend,2,200,0.14
phase7/pythia-2.8b-bookend,3,200,0.11
phase7/pythia-2.8b-bookend,4,200,0.11
phase7/pythia-2.8b-bookend,5,200,0.12
phase7/pythia-2.8b-bookend,6,200,0.135
phase7/pythia-2.8b-bookend,7,200,0.14
phase7/pythia-2.8b-bookend,8,200,0.125
phase7/pythia-2.8b-bookend,9,200,0.195
phase7/pythia-2.8b-gold_padded,0,200,0.3
phase7/pythia-2.8b-gold_padded,1,200,0.195
phase7/pythia-2.8b-gold_padded,2,200,0.195
phase7/pythia-2.8b-gold_padded,3,200,0.22
phase7/pythia-2.8b-gold_padded,4,200,0.195
phase7/pythia-2.8b-gold_padded,5,200,0.225
phase7/pythia-2.8b-gold_padded,6,200,0.24
phase7/pythia-2.8b-gold_padded,7,200,0.225
phase7/pythia-2.8b-gold_padded,8,200,0.25
phase7/pythia-2.8b-gold_padded,9,200,0.28
phase7/pythia-2.8b-question_first,0,200,0.245
phase7/pythia-2.8b-question_first,1,200,0.095
phase7/pythia-2.8b-question_first,2,200,0.1
phase7/pythia-2.8b-question_first,3,200,0.07
phase7/pythia-2.8b-question_first,4,200,0.08
phase7/pythia-2.8b-question_first,5,200,0.085
phase7/pythia-2.8b-question_first,6,200,0.115
phase7/pythia-2.8b-question_first,7,200,0.09
phase7/pythia-2.8b-question_first,8,200,0.08
phase7/pythia-2.8b-question_first,9,200,0.135
phase7/pythia-2.8b-tmpl-concise,0,200,0.34
phase7/pythia-2.8b-tmpl-concise,1,200,0.225
phase7/pythia-2.8b-tmpl-concise,2,200,0.265
phase7/pythia-2.8b-tmpl-concise,3,200,0.245
phase7/pythia-2.8b-tmpl-concise,4,200,0.2
phase7/pythia-2.8b-tmpl-concise,5,200,0.21
phase7/pythia-2.8b-tmpl-concise,6,200,0.19
phase7/pythia-2.8b-tmpl-concise,7,200,0.235
phase7/pythia-2.8b-tmpl-concise,8,200,0.285
phase7/pythia-2.8b-tmpl-concise,9,200,0.285
phase7/pythia-2.8b-tmpl-instructional,0,200,0.265
phase7/pythia-2.8b-tmpl-instructional,1,200,0.225
phase7/pythia-2.8b-tmpl-instructional,2,200,0.26
phase7/pythia-2.8b-tmpl-instructional,3,200,0.22
phase7/pythia-2.8b-tmpl-instructional,4,200,0.245
phase7/pythia-2.8b-tmpl-instructional,5,200,0.235
phase7/pythia-2.8b-tmpl-instructional,6,200,0.23
phase7/pythia-2.8b-tmpl-instructional,7,200,0.265
phase7/pythia-2.8b-tmpl-instructional,8,200,0.26
phase7/pythia-2.8b-tmpl-instructional,9,200,0.345
phase8/llama-3.1-8b,0,800,0.62625
phase8/llama-3.1-8b,1,800,0.52125
phase8/llama-3.1-8b,2,800,0.52125
phase8/llama-3.1-8b,3,800,0.49875
phase8/llama-3.1-8b,4,800,0.4975
phase8/llama-3.1-8b,5,800,0.4975
phase8/llama-3.1-8b,6,800,0.5025
phase8/llama-3.1-8b,7,800,0.50125
phase8/llama-3.1-8b,8,800,0.48625
phase8/llama-3.1-8b,9,800,0.54375
phase8/llama-3.1-8b-kv,0,50,1.0
phase8/llama-3.1-8b-kv,1,50,1.0
phase8/llama-3.1-8b-kv,2,50,1.0
phase8/llama-3.1-8b-kv,3,50,1.0
phase8/llama-3.1-8b-kv,4,50,1.0
phase8/llama-3.1-8b-kv,5,50,0.98
phase8/llama-3.1-8b-kv,6,50,1.0
phase8/llama-3.1-8b-kv,7,50,0.98
phase8/llama-3.1-8b-kv,8,50,0.98
phase8/llama-3.1-8b-kv,9,50,0.98
phase8/nemotron-h-8b,0,800,0.53625
phase8/nemotron-h-8b,1,800,0.43875
phase8/nemotron-h-8b,2,800,0.425
phase8/nemotron-h-8b,3,800,0.4125
phase8/nemotron-h-8b,4,800,0.4175
phase8/nemotron-h-8b,5,800,0.42375
phase8/nemotron-h-8b,6,800,0.41
phase8/nemotron-h-8b,7,800,0.425
phase8/nemotron-h-8b,8,800,0.42
phase8/nemotron-h-8b,9,800,0.47875
phase8/nemotron-h-8b-kv,0,50,0.36
phase8/nemotron-h-8b-kv,1,50,0.34
phase8/nemotron-h-8b-kv,2,50,0.24
phase8/nemotron-h-8b-kv,3,50,0.34
phase8/nemotron-h-8b-kv,4,50,0.34
phase8/nemotron-h-8b-kv,5,50,0.34
phase8/nemotron-h-8b-kv,6,50,0.32
phase8/nemotron-h-8b-kv,7,50,0.28
phase8/nemotron-h-8b-kv,8,50,0.32
phase8/nemotron-h-8b-kv,9,50,0.32
phase8/qwen2.5-7b,0,800,0.625
phase8/qwen2.5-7b,1,800,0.5225
phase8/qwen2.5-7b,2,800,0.54625
phase8/qwen2.5-7b,3,800,0.53875
phase8/qwen2.5-7b,4,800,0.5325
phase8/qwen2.5-7b,5,800,0.53375
phase8/qwen2.5-7b,6,800,0.5325
phase8/qwen2.5-7b,7,800,0.5125
phase8/qwen2.5-7b,8,800,0.52125
phase8/qwen2.5-7b,9,800,0.56
phase8/qwen2.5-7b-kv,0,50,0.52
phase8/qwen2.5-7b-kv,1,50,0.48
phase8/qwen2.5-7b-kv,2,50,0.48
phase8/qwen2.5-7b-kv,3,50,0.48
phase8/qwen2.5-7b-kv,4,50,0.48
phase8/qwen2.5-7b-kv,5,50,0.46
phase8/qwen2.5-7b-kv,6,50,0.48
phase8/qwen2.5-7b-kv,7,50,0.48
phase8/qwen2.5-7b-kv,8,50,0.5
phase8/qwen2.5-7b-kv,9,50,0.48
