run_key,phase,experiment,task,model_key,mixer,model_repo,model_revision,params_millions,training_corpus,prompt_variant,prompt_template,record_count,question_count,mean_score
phase1/pythia-2.8b,phase1,calibration,multidoc_qa,pythia-2.8b,attention,EleutherAI/pythia-2.8b,2a259cdd96a4beb1cdf467512e3904197345f6a9,2800,,liu_baseline,liu_baseline,800,200,0.3275
phase2/pythia-2.8b,phase2,matched-2.8b-architecture,multidoc_qa,pythia-2.8b,attention,EleutherAI/pythia-2.8b,2a259cdd96a4beb1cdf467512e3904197345f6a9,2800,,liu_baseline,liu_baseline,9600,800,0.239375
phase2/mamba-2.8b,phase2,matched-2.8b-architecture,multidoc_qa,mamba-2.8b,state-space,state-spaces/mamba-2.8b-hf,96c48e0292b63f5346b6d30061af2551f7101e26,2800,pile,liu_baseline,liu_baseline,9600,800,0.234271
phase2/mamba2-2.7b,phase2,matched-2.8b-architecture,multidoc_qa,mamba2-2.7b,state-space,AntonV/mamba2-2.7b-hf,ef542707386fa9ec86bbf8a35ed2952af84bf566,,,liu_baseline,liu_baseline,9600,800,0.237917
phase3/mamba2-8b,phase3,matched-8b-pure-vs-hybrid,multidoc_qa,mamba2-8b,state-space,nvidia/mamba2-8b-3t-4k,b915550c63ba9359f88f44d1f6a600d85af27302,,,liu_baseline,liu_baseline,9600,800,0.326979
phase3/mamba2-hybrid-8b,phase3,matched-8b-pure-vs-hybrid,multidoc_qa,mamba2-hybrid-8b,hybrid,nvidia/mamba2-hybrid-8b-3t-4k,35e8852e2240b350ac2fe2a3b8aa341b5930018e,,,liu_baseline,liu_baseline,9600,800,0.3925
phase4/pythia-160m,phase4,scale-pair-130m-160m,multidoc_qa,pythia-160m,attention,EleutherAI/pythia-160m,50f5173d932e8e61f858120bcb800b97af589f46,160,,liu_baseline,liu_baseline,9600,800,0.005313
phase4/mamba-130m,phase4,scale-pair-130m-160m,multidoc_qa,mamba-130m,state-space,state-spaces/mamba-130m-hf,1e76775f628fbf1350fbe4dbb3d971ba64af25a1,130,,liu_baseline,liu_baseline,9600,800,0.068646
phase4/pythia-410m,phase4,scale-pair-370m-410m,multidoc_qa,pythia-410m,attention,EleutherAI/pythia-410m,9879c9b5f8bea9051dcb0e68dff21493d67e9d4f,410,,liu_baseline,liu_baseline,9600,800,0.120313
phase4/mamba-370m,phase4,scale-pair-370m-410m,multidoc_qa,mamba-370m,state-space,state-spaces/mamba-370m-hf,b519127f5bfaaa1c27dd938dad051ec360972b23,370,,liu_baseline,liu_baseline,9600,800,0.109063
phase4/pythia-1b,phase4,scale-pair-790m-1b,multidoc_qa,pythia-1b,attention,EleutherAI/pythia-1b,f73d7dcc545c8bd326d8559c8ef84ffe92fea6b2,1000,,liu_baseline,liu_baseline,9600,800,0.170729
phase4/mamba-790m,phase4,scale-pair-790m-1b,multidoc_qa,mamba-790m,state-space,state-spaces/mamba-790m-hf,9822dd4b76af2bd9099b6ce2f19efd8329189a7e,790,,liu_baseline,liu_baseline,9600,800,0.161458
phase4/pythia-1.4b,phase4,scale-pair-1.4b-1.4b,multidoc_qa,pythia-1.4b,attention,EleutherAI/pythia-1.4b,fedc38a16eea3bd36a96b906d78d11d2ce18ed79,1400,,liu_baseline,liu_baseline,9600,800,0.212604
phase4/mamba-1.4b,phase4,scale-pair-1.4b-1.4b,multidoc_qa,mamba-1.4b,state-space,state-spaces/mamba-1.4b-hf,6e46eae61c27280517feef46f536d16b91076f08,1400,,liu_baseline,liu_baseline,9600,800,0.181979
phase4/pythia-2.8b,phase4,scale-pair-2.8b-2.8b,multidoc_qa,pythia-2.8b,attention,EleutherAI/pythia-2.8b,2a259cdd96a4beb1cdf467512e3904197345f6a9,2800,,liu_baseline,liu_baseline,9600,800,0.239375
phase4/mamba-2.8b,phase4,scale-pair-2.8b-2.8b,multidoc_qa,mamba-2.8b,state-space,state-spaces/mamba-2.8b-hf,96c48e0292b63f5346b6d30061af2551f7101e26,2800,pile,liu_baseline,liu_baseline,9600,800,0.234271
phase5/mamba-2.8b,phase5,pretraining-corpus,multidoc_qa,mamba-2.8b,state-space,state-spaces/mamba-2.8b-hf,96c48e0292b63f5346b6d30061af2551f7101e26,2800,pile,liu_baseline,liu_baseline,9600,800,0.233958
phase5/mamba-2.8b-slimpj,phase5,pretraining-corpus,multidoc_qa,mamba-2.8b-slimpj,state-space,state-spaces/mamba-2.8b-slimpj,a7bdd41af90ca0cc4ecfbd967e2ec28f1954b915,2800,slimpajama,liu_baseline,liu_baseline,9600,800,0.290521
phase7/pythia-2.8b-bookend,phase7,query-position-variant,multidoc_qa,pythia-2.8b,attention,EleutherAI/pythia-2.8b,2a259cdd96a4beb1cdf467512e3904197345f6a9,2800,,bookend,liu_baseline,2400,200,0.195417
phase7/pythia-2.8b-question_first,phase7,query-position-variant,multidoc_qa,pythia-2.8b,attention,EleutherAI/pythia-2.8b,2a259cdd96a4beb1cdf467512e3904197345f6a9,2800,,question_first,liu_baseline,2400,200,0.152917
phase7/pythia-2.8b-gold_padded,phase7,query-position-variant,multidoc_qa,pythia-2.8b,attention,EleutherAI/pythia-2.8b,2a259cdd96a4beb1cdf467512e3904197345f6a9,2800,,gold_padded,liu_baseline,2400,200,0.255417
phase7/mamba-2.8b-bookend,phase7,query-position-variant,multidoc_qa,mamba-2.8b,state-space,state-spaces/mamba-2.8b-hf,96c48e0292b63f5346b6d30061af2551f7101e26,2800,pile,bookend,liu_baseline,2400,200,0.199583
phase7/mamba-2.8b-question_first,phase7,query-position-variant,multidoc_qa,mamba-2.8b,state-space,state-spaces/mamba-2.8b-hf,96c48e0292b63f5346b6d30061af2551f7101e26,2800,pile,question_first,liu_baseline,2400,200,0.145417
phase7/mamba-2.8b-gold_padded,phase7,query-position-variant,multidoc_qa,mamba-2.8b,state-space,state-spaces/mamba-2.8b-hf,96c48e0292b63f5346b6d30061af2551f7101e26,2800,pile,gold_padded,liu_baseline,2400,200,0.25125
phase7/pythia-2.8b-tmpl-concise,phase7,instruction-template,multidoc_qa,pythia-2.8b,attention,EleutherAI/pythia-2.8b,2a259cdd96a4beb1cdf467512e3904197345f6a9,2800,,liu_baseline,concise,2400,200,0.267917
phase7/pythia-2.8b-tmpl-instructional,phase7,instruction-template,multidoc_qa,pythia-2.8b,attention,EleutherAI/pythia-2.8b,2a259cdd96a4beb1cdf467512e3904197345f6a9,2800,,liu_baseline,instructional,2400,200,0.27375
phase7/mamba-2.8b-tmpl-concise,phase7,instruction-template,multidoc_qa,mamba-2.8b,state-space,state-spaces/mamba-2.8b-hf,96c48e0292b63f5346b6d30061af2551f7101e26,2800,pile,liu_baseline,concise,2400,200,0.255833
phase7/mamba-2.8b-tmpl-instructional,phase7,instruction-template,multidoc_qa,mamba-2.8b,state-space,state-spaces/mamba-2.8b-hf,96c48e0292b63f5346b6d30061af2551f7101e26,2800,pile,liu_baseline,instructional,2400,200,0.247083
phase7/nemotron-h-8b-sink-blocked,phase7,sink-block-intervention,multidoc_qa,nemotron-h-8b,hybrid,nvidia/Nemotron-H-8B-Base-8K,94ea861e008c2dfced3e8e1302094024077aa04e,,,liu_baseline,liu_baseline,2400,200,0.435417
phase8/nemotron-h-8b,phase8,production-systems,multidoc_qa,nemotron-h-8b,hybrid,nvidia/Nemotron-H-8B-Base-8K,94ea861e008c2dfced3e8e1302094024077aa04e,,,liu_baseline,liu_baseline,9600,800,0.440521
phase8/llama-3.1-8b,phase8,production-systems,multidoc_qa,llama-3.1-8b,attention,meta-llama/Llama-3.1-8B,d04e592bb4f6aa9cfee91e2e20afa771667e1d4b,,,liu_baseline,liu_baseline,9600,800,0.524479
phase8/qwen2.5-7b,phase8,production-systems,multidoc_qa,qwen2.5-7b,attention,Qwen/Qwen2.5-7B,d149729398750b98c0af14eb82c78cfe92750796,,,liu_baseline,liu_baseline,9600,800,0.543333
phase1/pythia-2.8b-kv,phase1,key-value-positive-control,kv_retrieval,pythia-2.8b,attention,EleutherAI/pythia-2.8b,2a259cdd96a4beb1cdf467512e3904197345f6a9,2800,,liu_baseline,liu_baseline,500,50,0.276
phase2/pythia-2.8b-kv,phase2,key-value-positive-control,kv_retrieval,pythia-2.8b,attention,EleutherAI/pythia-2.8b,2a259cdd96a4beb1cdf467512e3904197345f6a9,2800,,liu_baseline,liu_baseline,500,50,0.276
phase2/mamba-2.8b-kv,phase2,key-value-positive-control,kv_retrieval,mamba-2.8b,state-space,state-spaces/mamba-2.8b-hf,96c48e0292b63f5346b6d30061af2551f7101e26,2800,pile,liu_baseline,liu_baseline,500,50,0.0
phase2/mamba2-2.7b-kv,phase2,key-value-positive-control,kv_retrieval,mamba2-2.7b,state-space,AntonV/mamba2-2.7b-hf,ef542707386fa9ec86bbf8a35ed2952af84bf566,,,liu_baseline,liu_baseline,500,50,0.144
phase3/mamba2-8b-kv,phase3,key-value-positive-control,kv_retrieval,mamba2-8b,state-space,nvidia/mamba2-8b-3t-4k,b915550c63ba9359f88f44d1f6a600d85af27302,,,liu_baseline,liu_baseline,500,50,0.01
phase3/mamba2-hybrid-8b-kv,phase3,key-value-positive-control,kv_retrieval,mamba2-hybrid-8b,hybrid,nvidia/mamba2-hybrid-8b-3t-4k,35e8852e2240b350ac2fe2a3b8aa341b5930018e,,,liu_baseline,liu_baseline,500,50,0.1
phase4/pythia-160m-kv,phase4,key-value-positive-control,kv_retrieval,pythia-160m,attention,EleutherAI/pythia-160m,50f5173d932e8e61f858120bcb800b97af589f46,160,,liu_baseline,liu_baseline,500,50,0.0
phase4/mamba-130m-kv,phase4,key-value-positive-control,kv_retrieval,mamba-130m,state-space,state-spaces/mamba-130m-hf,1e76775f628fbf1350fbe4dbb3d971ba64af25a1,130,,liu_baseline,liu_baseline,500,50,0.0
phase4/pythia-410m-kv,phase4,key-value-positive-control,kv_retrieval,pythia-410m,attention,EleutherAI/pythia-410m,9879c9b5f8bea9051dcb0e68dff21493d67e9d4f,410,,liu_baseline,liu_baseline,500,50,0.062
phase4/mamba-370m-kv,phase4,key-value-positive-control,kv_retrieval,mamba-370m,state-space,state-spaces/mamba-370m-hf,b519127f5bfaaa1c27dd938dad051ec360972b23,370,,liu_baseline,liu_baseline,500,50,0.0
phase4/pythia-1b-kv,phase4,key-value-positive-control,kv_retrieval,pythia-1b,attention,EleutherAI/pythia-1b,f73d7dcc545c8bd326d8559c8ef84ffe92fea6b2,1000,,liu_baseline,liu_baseline,500,50,0.41
phase4/mamba-790m-kv,phase4,key-value-positive-control,kv_retrieval,mamba-790m,state-space,state-spaces/mamba-790m-hf,9822dd4b76af2bd9099b6ce2f19efd8329189a7e,790,,liu_baseline,liu_baseline,500,50,0.002
phase4/pythia-1.4b-kv,phase4,key-value-positive-control,kv_retrieval,pythia-1.4b,attention,EleutherAI/pythia-1.4b,fedc38a16eea3bd36a96b906d78d11d2ce18ed79,1400,,liu_baseline,liu_baseline,500,50,0.252
phase4/mamba-1.4b-kv,phase4,key-value-positive-control,kv_retrieval,mamba-1.4b,state-space,state-spaces/mamba-1.4b-hf,6e46eae61c27280517feef46f536d16b91076f08,1400,,liu_baseline,liu_baseline,500,50,0.006
phase4/pythia-2.8b-kv,phase4,key-value-positive-control,kv_retrieval,pythia-2.8b,attention,EleutherAI/pythia-2.8b,2a259cdd96a4beb1cdf467512e3904197345f6a9,2800,,liu_baseline,liu_baseline,500,50,0.276
phase4/mamba-2.8b-kv,phase4,key-value-positive-control,kv_retrieval,mamba-2.8b,state-space,state-spaces/mamba-2.8b-hf,96c48e0292b63f5346b6d30061af2551f7101e26,2800,pile,liu_baseline,liu_baseline,500,50,0.0
phase5/mamba-2.8b-kv,phase5,key-value-positive-control,kv_retrieval,mamba-2.8b,state-space,state-spaces/mamba-2.8b-hf,96c48e0292b63f5346b6d30061af2551f7101e26,2800,pile,liu_baseline,liu_baseline,500,50,0.0
phase5/mamba-2.8b-slimpj-kv,phase5,key-value-positive-control,kv_retrieval,mamba-2.8b-slimpj,state-space,state-spaces/mamba-2.8b-slimpj,a7bdd41af90ca0cc4ecfbd967e2ec28f1954b915,2800,slimpajama,liu_baseline,liu_baseline,500,50,0.006
phase8/nemotron-h-8b-kv,phase8,key-value-positive-control,kv_retrieval,nemotron-h-8b,hybrid,nvidia/Nemotron-H-8B-Base-8K,94ea861e008c2dfced3e8e1302094024077aa04e,,,liu_baseline,liu_baseline,500,50,0.32
phase8/llama-3.1-8b-kv,phase8,key-value-positive-control,kv_retrieval,llama-3.1-8b,attention,meta-llama/Llama-3.1-8B,d04e592bb4f6aa9cfee91e2e20afa771667e1d4b,,,liu_baseline,liu_baseline,500,50,0.992
phase8/qwen2.5-7b-kv,phase8,key-value-positive-control,kv_retrieval,qwen2.5-7b,attention,Qwen/Qwen2.5-7B,d149729398750b98c0af14eb82c78cfe92750796,,,liu_baseline,liu_baseline,500,50,0.484
phase7/sink-pythia-160m,phase7,attention-sink-scan,attention_sink,pythia-160m,attention,EleutherAI/pythia-160m,50f5173d932e8e61f858120bcb800b97af589f46,160,,liu_baseline,liu_baseline,24000,200,
phase7/sink-pythia-410m,phase7,attention-sink-scan,attention_sink,pythia-410m,attention,EleutherAI/pythia-410m,9879c9b5f8bea9051dcb0e68dff21493d67e9d4f,410,,liu_baseline,liu_baseline,48000,200,
phase7/sink-pythia-1b,phase7,attention-sink-scan,attention_sink,pythia-1b,attention,EleutherAI/pythia-1b,f73d7dcc545c8bd326d8559c8ef84ffe92fea6b2,1000,,liu_baseline,liu_baseline,32000,200,
phase7/sink-pythia-1.4b,phase7,attention-sink-scan,attention_sink,pythia-1.4b,attention,EleutherAI/pythia-1.4b,fedc38a16eea3bd36a96b906d78d11d2ce18ed79,1400,,liu_baseline,liu_baseline,48000,200,
phase7/sink-pythia-2.8b,phase7,attention-sink-scan,attention_sink,pythia-2.8b,attention,EleutherAI/pythia-2.8b,2a259cdd96a4beb1cdf467512e3904197345f6a9,2800,,liu_baseline,liu_baseline,32000,100,
phase7/sink-pythia-2.8b-bookend,phase7,attention-sink-scan,attention_sink,pythia-2.8b,attention,EleutherAI/pythia-2.8b,2a259cdd96a4beb1cdf467512e3904197345f6a9,2800,,bookend,liu_baseline,64000,200,
phase7/sink-pythia-2.8b-question_first,phase7,attention-sink-scan,attention_sink,pythia-2.8b,attention,EleutherAI/pythia-2.8b,2a259cdd96a4beb1cdf467512e3904197345f6a9,2800,,question_first,liu_baseline,32000,100,
